Estabelecimento,Review
Snowland,Muito bem organizado e o ambiente parece realmente uma esta√ß√£o de neve.
Snowland,Passeio indispens√°vel pra quem vai a Gramado! Prepare-se pro gelo!
Snowland,Melhor atra√ß√£o de Gramado e  Canela. V√° agasalhado!
Snowland,"Assista uma palestra da Gramado Parks de 1h:30min na Rua coberta e ganhe 1 ingresso por casal. Vale a pena o tubing, o ice montain e o simulador de  esqui."
Snowland,Quando voc√™ entra no  Parque a sensa√ß√£o √© de realmente estar em outro pa√≠s... Se agasalhem bem mesmo usando a  roupa deles do kit de entrada n√£o √© suficiente. Obs: Levar gorro e  cachecol. üß£‚ùÑÔ∏èüå¨
Snowland,Muito legal... por√©m bem  caro!
Snowland,"Apesar do pre√ßo meio  salgado vale a pena conhecer. √â bom chegar cedo pois as filas s√£o grandes. Na  montanha de neve eles fornecem cal√ßa, casaco,  botas e luvas, mas n√£o √© suficiente pra aguentar o  frio"
Snowland,"Bom  parque, bom atendimento, √≥timo  chocolate quente! Mas tudo muito  caro!!"
Snowland,"Experi√™ncia horr√≠vel. Filas longas, funcion√°rios sem capacita√ß√£o para dar informa√ß√µes, desorganiza√ß√£o total. Horas de espera. Mais tempo em filas do que no  parque."
Snowland,"Muito boa a experi√™ncia. As crian√ßas curtiram de mais, e os adultos tamb√©m. Teve at√© guerra de neve kkkk"
Snowland,"√â um lugar bem divertido, mas o ingresso custa R$130 e voc√™ precisa pagar por quase tudo que tem l√° dentro."
Snowland," Parque com pouqu√≠ssimas atra√ß√µes, n√£o vale o pre√ßo. Me diverti, mas sinto que faltou."
Snowland,"Bom apenas para o dono. pois ficamos 3 horas em filas,.... chegamos √†s 11:00 da manh√£ perdemos muito tempo nas filas e n√£o sei se aproveitamos 30 minutos do  parque, desapontamento total, N√ÉO RECOMENDO"
Snowland,"Super divertido, voc√™ pode ficar o dia todo que a divers√£o √© garantida! Por√©m tem muita fila... na verdade √© fila pra tudo, tem que ter paci√™ncia."
Snowland,"Lugar car√≠ssimo, mal sinalizado, extremamente desorganizado, sem profissionais para orientarem dentro do  parque e aula  esqui p√©ssima. N√£o vale o pre√ßo!!!!"
Snowland,√ìtimo passeio! Durante a temporada precisa chegar cedo para aproveitar. Chegamos √†s 8:30 e conseguimos marcar aulas de ski para as crian√ßas e curtir bastante. Traga um gorro para proteger as orelhas!
Snowland,√â meio  caro pra quantidade de coisa que oferece. Muito bom pra crian√ßa. A patina√ß√£o √© p√©ssima! Os instrutores te largam l√° dentro e voc√™ que se vire.
Snowland,V√° bem agasalhado!!! A divers√£o √© garantida...
Snowland,"Achei legal,mas acho que pelo pre√ßo de 170,00 o ingresso,deveria ter mais coisas.Acredito que o p√∫blico maior seja crian√ßas/adolescentes,mas j√° est√° sendo feito p/ 2020 sky e motorizado.Nao compensa."
Snowland,"O lugar √© incr√≠vel!! Por√©m, al√©m de  caro (169,00 por pessoa em baixa temporada), as duas melhores atra√ß√µes ( snowboard e  esqui) s√£o pagas √† parte (mais 130,00 por pessoa). üòï"
Snowland,"Se a inten√ß√£o for praticar  snowboard e ski, vale muito a pena. Caso contr√°rio, o ingresso √©  caro pro que oferece. A pista de patina√ß√£o √© pequena e as demais atra√ß√µes s√£o infantis.  Estacionamento ruim."
Snowland, Ponto negativo fica por conta da tentativa de vender quotas de apto. de um novo empreendimento. N√£o me explicaram do que se tratava e me deixaram numa armadilha com um corretor de im√≥veis por 45min.
Snowland,E um lugar diferente legal ! Mas tudo vc paga ! Al√©m da entrada que h√° bem carinha pelas atra√ß√µes que s√£o oferecidas! N√£o estava funcionando o simulador de  esqui!
Snowland,Ir com tempo. Foca-se at√© 4 horas no  parque
Snowland,"N√ÉO CAIAM NA BESTEIRA DE PARTICIPAR DO MARKETING DA GRAMADO PARKS.  Perdemos 2h e √± conseguimos fazer tudo o q quer√≠amos. A a√ß√£o √© agressiva e, quando viram que n√£o √≠amos comprar,  beirou a grosseria."
Snowland,Tudo muito  caro!!
Snowland,"Muito bom, excelente estrutura, boas alternativas de divers√£o, por√©m precisam melhorar um pouco o suporte e orienta√ß√£o ao turista dentro do  parque."
Snowland,"FUJAM se oferecerem para voc√™s uma entrada VIP porque a fila est√° grande. Eles falam que √© s√≥ assistir um v√≠deo de 30 minutos, que na verdade te fazem perder 3 horas tentando te vender um plano. LIXO!"
Snowland,"Voc√™ s√≥ tem 3 coisas p fazer sem ter que desembolsar mais grana: descer numa b√≥ia 50 m,  num tobog√£ de 20 m de gelo ou patinar no gelo por 20 m.. nem vou comentar o  cinema 7d pois √© o pior que j√° fui."
Snowland,"N√ÉO RECOMENDO. Car√≠ssimo, filas, poucas atra√ß√µes, p√©ssima comida,  montanha de neve extremamente gelada e sem atra√ß√£o, td pago por fora (at√©  roupas e  estacionamento), e repleto de vendedor chato. CORRA"
Snowland,√â bom.... mas eu esperava mais. Al√©m da pista de patina√ß√£o e do mundo de gelo n√£o tem outras atra√ß√µes interessantes. Bom pra quem tem filhos. Ps: compre o ingresso em sites de promo√ß√µes.
Snowland,"N√£o gostamos! As √∫nicas atra√ß√µes gratuitas, uma delas n√£o funcionou e a outra bem boba! N√£o recomendo! E filas intermin√°veis"
Snowland,"Se tiver filhos, v√°! Se for esquiar ou aprender, pode ir tamb√©m... Mais n√£o √© essa ""brastemp"" toda que falam n√£o..."
Snowland,"Atendimento bom. Mas a neve √© gelo(conhe√ßo neve mesmo),  brinquedos quebrados. Fa√ßo  snowboard muito mais  barato em  montanha e neve de verdade. Tudo la √©  caro."
Snowland,√â uma experi√™ncia interessante mas n√£o √© cativante o suficiente para eu voltar.
Snowland,"Chegue cedo pois tem que enfrentar uma fila gigantesca, mas vale muito a pena l√° dentro √© -10 graus"
Snowland,"Vale a pena, para conhecer.. muito  frio! Mesmo com a  roupa deles! Pessoal bem simp√°tico!"
Snowland,"Foursquare informa que abre √†s 9:00 no domingo, mas abre √†s 10:00. Fui o primeiro na fila."
Snowland,"O passaporte √© muito  caro pelas poucas atra√ß√µes oferecidas, vale a experi√™ncia na ""neve"", mas poderia ter mais atra√ß√µes pelo valor."
Snowland,Atendimento
Snowland,"O  parque √© bem bonito, sensa√ß√£o  t√©rmica real, mas n√£o h√° muitas op√ß√µes de entretenimento para adultos. Gostei, mas para ir uma vez s√≥."
Snowland," Parque bem legal!  Snowboard e ski s√£o √† parte (R$ 130 com aula e equipamento). Pe√ßa uma luva adicional se sentir  frio, as luvas n√£o protegem suficientemente ali. Falando em luvas, elas s√£o cortesia."
Snowland,"Bom para conhecer com crian√ßas, embora o local pudesse ter mais op√ß√µes inclusas nos altos pre√ßos contados pelos ingressos"
Snowland,Fecha √†s 18h! TODOS OS DIAS!!
Snowland,Tudo pra quem gosta de  frio
Snowland,Vale a visita .. mais √© melhor p crian√ßas maiores. Tipo 10 anos
Snowland,"Se voc√™ tem crian√ßas com menos de 4 anos nem  perca tempo levando, n√£o podem chegar nem perto da neve, deviam divulgar antes."
Snowland,"O  Parque √© sensacional! Dica: a  bota n√£o segura a friagem do gelo no p√©, usem meias  t√©rmicas."
Snowland,Esperava mais do lugar...
Snowland," Parque lindo, mas as filas enormes n√£o compensam o custo."
